srs_file,questions,answer_accuracy,avg_similarity,min_similarity,max_similarity
2007 - ertms.pdf,2,1.0,0.8399431253141267,0.7859169011554045,0.893969349472849
2008 - keepass.pdf,2,0.0,0.49432680469374396,0.41293372043022625,0.5757198889572617
2009 - inventory 2.0.pdf,2,1.0,0.8793119741478757,0.8677594635391768,0.8908644847565744
2010 - gparted.pdf,2,1.0,0.8338273326984171,0.757567186084667,0.9100874793121672
JDECo_SRS.docx[1].pdf,2,0.5,0.7376446992731893,0.5536620942636751,0.9216273042827037
